"id","generic_file_id","url"
1,1,https://localhost:9899/preservation-va/25452f41-1b18-47b7-b334-751dfd5d011e
2,1,https://localhost:9899/preservation-or/25452f41-1b18-47b7-b334-751dfd5d011e
3,2,https://localhost:9899/preservation-va/e2bd408c-1958-42f2-a536-b9aa34318f85
4,2,https://localhost:9899/preservation-or/e2bd408c-1958-42f2-a536-b9aa34318f85
5,3,https://localhost:9899/preservation-va/8205a12c-67dc-4618-96ff-53ddaa663469
6,3,https://localhost:9899/preservation-or/8205a12c-67dc-4618-96ff-53ddaa663469
7,4,https://localhost:9899/preservation-va/13c02f70-b149-46a8-96c9-f59512239047
8,4,https://localhost:9899/preservation-or/13c02f70-b149-46a8-96c9-f59512239047
9,5,https://localhost:9899/preservation-va/72153e55-e34a-4c16-a6c5-7ac27a16ae6b
10,5,https://localhost:9899/preservation-or/72153e55-e34a-4c16-a6c5-7ac27a16ae6b
11,6,https://localhost:9899/preservation-va/9abb01d3-0b36-4de1-8149-41eeeec2f551
12,6,https://localhost:9899/preservation-or/9abb01d3-0b36-4de1-8149-41eeeec2f551
13,7,https://localhost:9899/preservation-va/4820099e-f1f9-4f21-8db9-19f01ea5a1c1
14,7,https://localhost:9899/preservation-or/4820099e-f1f9-4f21-8db9-19f01ea5a1c1
15,8,https://localhost:9899/preservation-va/1857267a-a0eb-469d-ac7c-f50e772b20e9
16,8,https://localhost:9899/preservation-or/1857267a-a0eb-469d-ac7c-f50e772b20e9
17,9,https://localhost:9899/preservation-va/e2060c45-1501-4286-b580-ca664be88390
18,9,https://localhost:9899/preservation-or/e2060c45-1501-4286-b580-ca664be88390
19,10,https://localhost:9899/preservation-va/72459afd-4e31-438b-b46d-f3d3cffa10f3
20,10,https://localhost:9899/preservation-or/72459afd-4e31-438b-b46d-f3d3cffa10f3
21,11,https://localhost:9899/preservation-va/3ba064ae-6a12-49e9-b9f8-cd63fbb173ce
22,11,https://localhost:9899/preservation-or/3ba064ae-6a12-49e9-b9f8-cd63fbb173ce
23,12,https://localhost:9899/preservation-va/856e3b62-f3ce-4122-a560-685b7204a5d3
24,12,https://localhost:9899/preservation-or/856e3b62-f3ce-4122-a560-685b7204a5d3
25,13,https://localhost:9899/preservation-va/1877b440-bdf7-454a-b586-1920eb17335c
26,13,https://localhost:9899/preservation-or/1877b440-bdf7-454a-b586-1920eb17335c
27,14,https://localhost:9899/preservation-va/88ea1bf7-56bd-4bd0-a316-f6db12d7e34d
28,14,https://localhost:9899/preservation-or/88ea1bf7-56bd-4bd0-a316-f6db12d7e34d
29,15,https://localhost:9899/preservation-va/058d8e9b-a23a-4125-b6fe-ff3c35ff48e4
30,15,https://localhost:9899/preservation-or/058d8e9b-a23a-4125-b6fe-ff3c35ff48e4
31,16,https://localhost:9899/preservation-va/016aa20b-a072-4207-8aa4-5d875bdaf166
32,16,https://localhost:9899/preservation-or/016aa20b-a072-4207-8aa4-5d875bdaf166
33,17,https://localhost:9899/preservation-va/7c8daeb2-8a37-411e-91b7-f828c0e6f407
34,17,https://localhost:9899/preservation-or/7c8daeb2-8a37-411e-91b7-f828c0e6f407
35,18,https://localhost:9899/preservation-va/735c7f8b-1795-451d-9adc-2904c3096721
36,18,https://localhost:9899/preservation-or/735c7f8b-1795-451d-9adc-2904c3096721
37,19,https://localhost:9899/preservation-va/507ba10f-eb98-409c-b95a-a03dbb323e97
38,19,https://localhost:9899/preservation-or/507ba10f-eb98-409c-b95a-a03dbb323e97
39,20,https://localhost:9899/preservation-va/da86f292-7a85-45c3-9436-e42675e3471b
40,20,https://localhost:9899/preservation-or/da86f292-7a85-45c3-9436-e42675e3471b
41,21,https://s3.us-east-1.localhost:9899/preservation-va/669e2c86-b3e0-4a46-8e24-811d526c1ec0
42,21,https://s3.us-west-2.localhost:9899/preservation-or/669e2c86-b3e0-4a46-8e24-811d526c1ec0
43,22,https://s3.us-east-1.localhost:9899/preservation-va/0b135223-88f6-45aa-96a3-2e67ecb50066
44,22,https://s3.us-west-2.localhost:9899/preservation-or/0b135223-88f6-45aa-96a3-2e67ecb50066
45,23,https://s3.us-east-1.localhost:9899/preservation-va/246c54b3-6476-494c-8fd0-bdd260b712c6
46,23,https://s3.us-west-2.localhost:9899/preservation-or/246c54b3-6476-494c-8fd0-bdd260b712c6
47,24,https://s3.us-east-1.localhost:9899/preservation-va/216cf80c-8d23-4435-bdac-3bfa715b064a
48,24,https://s3.us-west-2.localhost:9899/preservation-or/216cf80c-8d23-4435-bdac-3bfa715b064a
49,25,https://s3.us-east-1.localhost:9899/preservation-va/b8dde88f-da56-4477-b78f-7e17dd2f37c2
50,25,https://s3.us-west-2.localhost:9899/preservation-or/b8dde88f-da56-4477-b78f-7e17dd2f37c2
51,26,https://s3.us-east-1.localhost:9899/preservation-va/1275dbcf-8bc9-4943-95d0-5ce27e8b4c08
52,26,https://s3.us-west-2.localhost:9899/preservation-or/1275dbcf-8bc9-4943-95d0-5ce27e8b4c08
53,27,https://s3.us-east-1.localhost:9899/preservation-va/2a3ad959-4891-445f-84b0-cd59be88fbe6
54,27,https://s3.us-west-2.localhost:9899/preservation-or/2a3ad959-4891-445f-84b0-cd59be88fbe6
55,28,https://localhost:9899/preservation-va/1186f292-7a85-45c3-9436-e42675e34711
56,29,https://localhost:9899/preservation-va/2286f292-7a85-45c3-9436-e42675e34722
57,30,https://localhost:9899/preservation-va/3386f292-7a85-45c3-9436-e42675e34733
58,31,https://localhost:9899/preservation-va/4486f292-7a85-45c3-9436-e42675e34744
59,32,https://localhost:9899/preservation-va/5586f292-7a85-45c3-9436-e42675e347155
60,33,https://localhost:9899/preservation-va/6686f292-7a85-45c3-9436-e42675e34766
61,34,https://localhost:9899/preservation-va/7786f292-7a85-45c3-9436-e42675e34777
62,35,https://localhost:9899/preservation-va/8886f292-7a85-45c3-9436-e42675e34788
63,36,https://localhost:9899/preservation-va/9986f292-7a85-45c3-9436-e42675e34799
64,37,https://localhost:9899/preservation-va/aa86f292-7a85-45c3-9436-e42675e347aa
65,38,https://localhost:9899/preservation-va/bb86f292-7a85-45c3-9436-e42675e347bb
66,39,https://localhost:9899/preservation-va/cc86f292-7a85-45c3-9436-e42675e347cc
67,40,https://localhost:9899/preservation-va/dd86f292-7a85-45c3-9436-e42675e347dd
68,41,https://localhost:9899/preservation-va/ee86f292-7a85-45c3-9436-e42675e347ee
69,42,https://localhost:9899/preservation-va/ff86f292-7a85-45c3-9436-e42675e347ff
70,43,https://localhost:9899/preservation-va/9a86f292-7a85-45c3-9436-e42675e3479a
71,44,https://localhost:9899/preservation-va/9b86f292-7a85-45c3-9436-e42675e3479b
72,45,https://localhost:9899/preservation-va/9c86f292-7a85-45c3-9436-e42675e3479c
73,46,https://localhost:9899/preservation-va/9d86f292-7a85-45c3-9436-e42675e3479d
74,47,https://localhost:9899/preservation-va/9e86f292-7a85-45c3-9436-e42675e3479e
75,48,https://localhost:9899/preservation-va/9f86f292-7a85-45c3-9436-e42675e3479f
76,49,https://localhost:9899/preservation-va/aabbccdd-7a85-45c3-0041-e42675e98981
77,50,https://s3.amazonaws.com/aptrust.preservation.glacier-deep-oh/dfc4adf6-1501-4286-b580-ca664bebc014
78,51,https://s3.amazonaws.com/aptrust.preservation.glacier-deep-oh/9511adf6-1501-4286-b580-ca664beba1cc
79,52,https://s3.amazonaws.com/aptrust.preservation.glacier-deep-oh/a174adf6-1501-4286-b580-ca664beb8970
80,53,https://s3.amazonaws.com/aptrust.preservation.oregon/a1a4adf6-1501-4286-b580-ca664bebc939
81,54,https://s3.amazonaws.com/aptrust.preservation.oregon/4644adf6-1501-4286-b580-ca664beb8755
82,57,https://s3.amazonaws.com/aptrust.preservation.glacier-deep-va/7563adf6-1501-4286-b580-ca664beb3928
83,58,https://s3.amazonaws.com/aptrust.preservation.glacier-deep-va/3419adf6-1501-4286-b580-ca664beb017a
84,55,https://s3.wasabisys.com/aptrust.preservation.va/3324adf6-1501-4286-b580-ca664beb8411
85,56,https://s3.wasabisys.com/aptrust.preservation.va/9874adf6-1501-4286-b580-ca664beb3344
86,59,https://s3.wasabisys.com/aptrust.preservation.or/8776adf6-1501-4286-b580-ca664bebaadd
87,60,https://s3.wasabisys.com/aptrust.preservation.or/a2d1adf6-1501-4286-b580-ca664beb8944
88,61,https://s3.wasabisys.com/aptrust.preservation.or/3d1aadf6-1501-4286-b580-ca664beb66bc
